id,title,year,country,genre,director,minutes,poster
0006414,"Behind the Screen",1916,"USA","Short, Comedy, Romance","Charles Chaplin, Michael Mann",30,"http://ia.media-imdb.com/images/M/MV5BMTkyNDYyNTczNF5BMl5BanBnXkFtZTgwMDU2MzAwMzE@._V1_SX300.jpg"
0068646,"The Godfather",1972,"USA","Crime, Drama","Francis Ford Coppola",175,"http://ia.media-imdb.com/images/M/MV5BMjEyMjcyNDI4MF5BMl5BanBnXkFtZTcwMDA5Mzg3OA@@._V1_SX300.jpg"
0113277,"Heat",1995,"USA","Action, Crime, Drama","Michael Mann",170,"http://ia.media-imdb.com/images/M/MV5BMTM1NDc4ODkxNV5BMl5BanBnXkFtZTcwNTI4ODE3MQ@@._V1_SX300.jpg"
1798709,"Her",2013,"USA","Drama, Romance, Sci-Fi","Spike Jonze",126,"http://ia.media-imdb.com/images/M/MV5BMjA1Nzk0OTM2OF5BMl5BanBnXkFtZTgwNjU2NjEwMDE@._V1_SX300.jpg"
0790636,"Dallas Buyers Club",2013,"USA","Biography, Drama","Jean-Marc Vallée",117,"N/A"
